Category,Lead URL,State,City,SEO,PPC,Phone #
Kitchen Remodeling,www.cds-profil.ch,Arkansas,Fayetteville
Kitchen Remodeling,www.swedeconstruction.com,Arkansas,Fayetteville
Kitchen Remodeling,carrplumbinginc.com,Arkansas,Fayetteville
Kitchen Remodeling,www.printingnwa.com,Arkansas,Fayetteville
Kitchen Remodeling,www.fayobserver.com,Arkansas,Fayetteville
Kitchen Remodeling,rayluskplumbing.com,Arkansas,Fayetteville
Kitchen Remodeling,personadigital.online,Arkansas,Fayetteville
Kitchen Remodeling,www.bestbuy.com,Arkansas,Fayetteville
Kitchen Remodeling,goodluxlighting.com,Arkansas,Fayetteville
Kitchen Remodeling,www.carpetonenwa.com,Arkansas,Fayetteville
Kitchen Remodeling,www.solidconstructiondesign.com,Arkansas,Fayetteville
Kitchen Remodeling,q-track.com,Arkansas,Fayetteville
Kitchen Remodeling,www.homebuilderdeveloper.com,Arkansas,Fayetteville
Kitchen Remodeling,www.findusnow.com,Arkansas,Fayetteville
Kitchen Remodeling,krownkits.com,Arkansas,Fayetteville
Kitchen Remodeling,www.westshorehome.com,Arkansas,Fayetteville
Kitchen Remodeling,abshierconstruction.com,Arkansas,Fayetteville
Kitchen Remodeling,www.kitchendistributorsinc.com,Arkansas,Fayetteville
Kitchen Remodeling,www.fergusonshowrooms.com,Arkansas,Fayetteville
Kitchen Remodeling,www.marxconstructionco.com,Arkansas,Fayetteville
Kitchen Remodeling,www.cmiconstruction.com,Arkansas,Fayetteville
Kitchen Remodeling,arkansas.powellcabinet.com,Arkansas,Fayetteville
Kitchen Remodeling,www.carpetone.com,Arkansas,Fayetteville
Kitchen Remodeling,signarama.com,Arkansas,Fayetteville
Kitchen Remodeling,www.goddarddesigngroup.com,Arkansas,Fayetteville
Kitchen Remodeling,www.closetfactory.com,Arkansas,Fayetteville
Kitchen Remodeling,www.truevalue.com,Arkansas,Fayetteville
Kitchen Remodeling,kobieta.invicta.pl,Arkansas,Fayetteville
Kitchen Remodeling,www.fayettevillegraniteco.com,Arkansas,Fayetteville
Kitchen Remodeling,tr.pinterest.com,Arkansas,Fayetteville
Kitchen Remodeling,www.bhg.com,Arkansas,Fayetteville
Kitchen Remodeling,www.aramark.com,Arkansas,Fayetteville
Kitchen Remodeling,www.psychologytoday.com,Arkansas,Fayetteville
Kitchen Remodeling,www.midwestoutdoorconcepts.com,Arkansas,Fayetteville
Kitchen Remodeling,janacekremodeling.com,Arkansas,Fayetteville
Kitchen Remodeling,www.searshomeservices.com,Arkansas,Fayetteville
Kitchen Remodeling,www.sharphue.com,Arkansas,Fayetteville
Kitchen Remodeling,www.maidbrigade.com,Arkansas,Fayetteville
Kitchen Remodeling,www.costco.com,Arkansas,Fayetteville
Kitchen Remodeling,www.tailoredliving.com,Arkansas,Fayetteville
Kitchen Remodeling,www.southernbrothersconstruction.com,Arkansas,Fayetteville
Kitchen Remodeling,cc.sas-fvg.it,Arkansas,Fayetteville
Kitchen Remodeling,jwaladevistore.com.np,Arkansas,Fayetteville
Kitchen Remodeling,eduworld360.in,Arkansas,Fayetteville
Kitchen Remodeling,www.oliveglassandmarble.com,Arkansas,Fayetteville
Kitchen Remodeling,www.granitetransformations.com,Arkansas,Fayetteville
Kitchen Remodeling,www.houzz.co.nz,Arkansas,Fayetteville
Kitchen Remodeling,haywoodbuildersinc.com,Arkansas,Fayetteville
Kitchen Remodeling,www.suzuki-business.co.jp,Arkansas,Fayetteville
Kitchen Remodeling,www.ubh.com,Arkansas,Fayetteville
Kitchen Remodeling,callplumber.github.io,Arkansas,Fayetteville
Kitchen Remodeling,bb.professionecasapuglia.it,Arkansas,Fayetteville
Kitchen Remodeling,budgetblinds.com,Arkansas,Fayetteville
Kitchen Remodeling,www.thingsremembered.com,Arkansas,Fayetteville
Kitchen Remodeling,bathroom-remodel-pros.com,Arkansas,Fayetteville
Kitchen Remodeling,www.bathandkitchenexperts.com,Arkansas,Fayetteville
Kitchen Remodeling,www.leeroycrossland.com,Arkansas,Fayetteville
Kitchen Remodeling,clwebbconstruction.com,Arkansas,Fayetteville
Kitchen Remodeling,hansenplumbingpro.com,Arkansas,Fayetteville
Kitchen Remodeling,avdci.com,Arkansas,Fayetteville
